<?xml version="1.0" encoding="UTF-8"?>
<!--
/****************************************************************************
**
** Copyright (C) 2017 The Qt Company Ltd.
** Contact: https://www.qt.io/licensing/
**
** This file is part of Qt for Python.
**
** $QT_BEGIN_LICENSE:LGPL$
** Commercial License Usage
** Licensees holding valid commercial Qt licenses may use this file in
** accordance with the commercial license agreement provided with the
** Software or, alternatively, in accordance with the terms contained in
** a written agreement between you and The Qt Company. For licensing terms
** and conditions see https://www.qt.io/terms-conditions. For further
** information use the contact form at https://www.qt.io/contact-us.
**
** GNU Lesser General Public License Usage
** Alternatively, this file may be used under the terms of the GNU Lesser
** General Public License version 3 as published by the Free Software
** Foundation and appearing in the file LICENSE.LGPL3 included in the
** packaging of this file. Please review the following information to
** ensure the GNU Lesser General Public License version 3 requirements
** will be met: https://www.gnu.org/licenses/lgpl-3.0.html.
**
** GNU General Public License Usage
** Alternatively, this file may be used under the terms of the GNU
** General Public License version 2.0 or (at your option) the GNU General
** Public license version 3 or any later version approved by the KDE Free
** Qt Foundation. The licenses are as published by the Free Software
** Foundation and appearing in the file LICENSE.GPL2 and LICENSE.GPL3
** included in the packaging of this file. Please review the following
** information to ensure the GNU General Public License requirements will
** be met: https://www.gnu.org/licenses/gpl-2.0.html and
** https://www.gnu.org/licenses/gpl-3.0.html.
**
** $QT_END_LICENSE$
**
****************************************************************************/
-->

<typesystem package="PySide2.Qt3DRender">
    <load-typesystem name="typesystem_3dcore.xml" generate="no"/>
    <namespace-type name="Qt3DRender">
        <object-type name="PropertyReaderInterface"/>
        <object-type name="QAbstractFunctor"/>
        <object-type name="QAbstractLight">
            <enum-type name="Type"/>
        </object-type>
        <object-type name="QAbstractRayCaster" since="5.11">
            <enum-type name="RunMode"/>
            <enum-type name="FilterMode"/>
        </object-type>
        <object-type name="QAbstractTexture">
            <enum-type name="CubeMapFace"/>
            <enum-type name="ComparisonFunction"/>
            <enum-type name="ComparisonMode"/>
            <enum-type name="Filter"/>
            <enum-type name="Status"/>
            <enum-type name="Target"/>
            <enum-type name="TextureFormat"/>
        </object-type>
        <object-type name="QAbstractTextureImage">
            <modify-function signature="QAbstractTextureImage(Qt3DCore::QNode*)" remove="all"/>
        </object-type>
        <object-type name="QAlphaCoverage"/>
        <object-type name="QAlphaTest">
            <enum-type name="AlphaFunction"/>
        </object-type>
        <object-type name="QAttribute">
            <enum-type name="AttributeType"/>
            <enum-type name="VertexBaseType"/>
        </object-type>
        <object-type name="QBlendEquation">
            <enum-type name="BlendFunction"/>
        </object-type>
        <object-type name="QBlendEquationArguments">
            <enum-type name="Blending"/>
        </object-type>
        <object-type name="QBlitFramebuffer" since="5.10">
            <enum-type name="InterpolationMethod"/>
        </object-type>
        <object-type name="QBuffer">
            <enum-type name="AccessType"/>
            <enum-type name="BufferType"/>
            <enum-type name="UsageType"/>
        </object-type>
        <object-type name="QBufferCapture"/>
        <object-type name="QBufferDataGenerator">
            <modify-function signature="operator()()" remove="all"/>
        </object-type>
        <object-type name="QCamera">
            <enum-type name="CameraTranslationOption"/>
        </object-type>
        <object-type name="QCameraLens">
            <enum-type name="ProjectionType"/>
        </object-type>
        <object-type name="QCameraSelector"/>
        <object-type name="QClearBuffers">
            <enum-type name="BufferType" flags="BufferTypeFlags"/>
        </object-type>
        <object-type name="QClipPlane"/>
        <object-type name="QColorMask"/>
        <object-type name="QComputeCommand"/>
        <object-type name="QCullFace">
            <enum-type name="CullingMode"/>
        </object-type>
        <object-type name="QDepthTest">
            <enum-type name="DepthFunction"/>
        </object-type>
        <object-type name="QDirectionalLight"/>
        <object-type name="QDispatchCompute"/>
        <object-type name="QDithering"/>
        <object-type name="QEffect"/>
        <object-type name="QEnvironmentLight"/>
        <object-type name="QFilterKey"/>
        <object-type name="QFrameGraphNode"/>
        <object-type name="QFrameGraphNodeCreatedChangeBase"/>
        <object-type name="QFrontFace">
            <enum-type name="WindingDirection"/>
        </object-type>
        <object-type name="QFrustumCulling"/>
        <object-type name="QGeometry"/>
        <object-type name="QGeometryFactory">
            <modify-function signature="operator()()" remove="all"/>
        </object-type>
        <object-type name="QGeometryRenderer">
            <enum-type name="PrimitiveType"/>
        </object-type>
        <object-type name="QGraphicsApiFilter">
            <enum-type name="Api"/>
            <enum-type name="OpenGLProfile"/>
        </object-type>
        <object-type name="QLayer"/>
        <object-type name="QLayerFilter">
            <enum-type name="FilterMode"/>
        </object-type>
        <object-type name="QLevelOfDetail">
            <enum-type name="ThresholdType"/>
        </object-type>
        <object-type name="QLevelOfDetailBoundingSphere"/>
        <object-type name="QLevelOfDetailSwitch"/>
        <object-type name="QLineWidth" since="5.10"/>
        <object-type name="QMaterial"/>
        <object-type name="QMemoryBarrier">
            <enum-type name="Operation" flags="Operations"/>
        </object-type>
        <object-type name="QMesh">
            <enum-type name="Status"/>
        </object-type>
        <object-type name="QMultiSampleAntiAliasing"/>
        <object-type name="QNoDepthMask"/>
        <object-type name="QNoDraw"/>
        <object-type name="QObjectPicker"/>
        <object-type name="QPaintedTextureImage"/>
        <object-type name="QParameter"/>
        <object-type name="QPickEvent">
            <enum-type name="Buttons"/>
            <enum-type name="Modifiers"/>
        </object-type>
        <object-type name="QPickLineEvent" since="5.10"/>
        <object-type name="QPickPointEvent" since="5.10"/>
        <object-type name="QPickTriangleEvent"/>
        <object-type name="QPickingSettings">
            <enum-type name="FaceOrientationPickingMode"/>
            <enum-type name="PickMethod"/>
            <enum-type name="PickResultMode"/>
        </object-type>
        <object-type name="QPointLight"/>
        <object-type name="QPointSize">
            <enum-type name="SizeMode"/>
        </object-type>
        <object-type name="QPolygonOffset"/>
        <object-type name="QProximityFilter" since="5.10"/>
        <object-type name="QRayCaster" since="5.11"/>
        <value-type name="QRayCasterHit" since="5.11">
            <enum-type name="HitType"/>
        </value-type>
        <object-type name="QRenderAspect">
            <enum-type name="RenderType"/>
        </object-type>
        <object-type name="QRenderCapture"/>
        <object-type name="QRenderCaptureReply"/>
        <object-type name="QRenderPass"/>
        <object-type name="QRenderPassFilter"/>
        <object-type name="QRenderSettings">
            <enum-type name="RenderPolicy"/>
        </object-type>
        <object-type name="QRenderState"/>
        <object-type name="QRenderStateSet"/>
        <object-type name="QRenderSurfaceSelector"/>
        <object-type name="QRenderTarget"/>
        <object-type name="QRenderTargetOutput">
            <enum-type name="AttachmentPoint"/>
        </object-type>
        <object-type name="QRenderTargetSelector"/>
        <object-type name="QSceneLoader">
            <enum-type name="Status"/>
            <enum-type name="ComponentType"/>
        </object-type>
        <object-type name="QScissorTest"/>
        <object-type name="QScreenRayCaster" since="5.11"/>
        <object-type name="QSeamlessCubemap"/>
        <object-type name="QShaderData"/>
        <object-type name="QShaderProgram">
            <enum-type name="ShaderType"/>
            <enum-type name="Status"/>
        </object-type>
        <object-type name="QShaderProgramBuilder" since="5.10"/>
        <object-type name="QSortPolicy">
            <enum-type name="SortType"/>
        </object-type>
        <object-type name="QSpotLight"/>
        <object-type name="QStencilMask"/>
        <object-type name="QStencilOperation"/>
        <object-type name="QStencilOperationArguments">
            <enum-type name="FaceMode"/>
            <enum-type name="Operation"/>
        </object-type>
        <object-type name="QStencilTest"/>
        <object-type name="QStencilTestArguments">
            <enum-type name="StencilFaceMode"/>
            <enum-type name="StencilFunction"/>
        </object-type>
        <object-type name="QTechnique"/>
        <object-type name="QTechniqueFilter"/>
        <object-type name="QTexture1D"/>
        <object-type name="QTexture1DArray"/>
        <object-type name="QTexture2D"/>
        <object-type name="QTexture2DArray"/>
        <object-type name="QTexture2DMultisample"/>
        <object-type name="QTexture2DMultisampleArray"/>
        <object-type name="QTexture3D"/>
        <object-type name="QTextureBuffer"/>
        <object-type name="QTextureCubeMap"/>
        <object-type name="QTextureCubeMapArray"/>
        <object-type name="QTextureData"/>
        <object-type name="QTextureGenerator">
            <modify-function signature="QTextureGenerator()" remove="all"/>
        </object-type>
        <object-type name="QTextureImage">
            <enum-type name="Status"/>
        </object-type>
        <object-type name="QTextureImageData"/>
        <object-type name="QTextureImageDataGenerator">
            <modify-function signature="QTextureImageDataGenerator()" remove="all"/>
        </object-type>
        <object-type name="QTextureLoader"/>
        <object-type name="QTextureRectangle"/>
        <object-type name="QTextureWrapMode">
            <enum-type name="WrapMode"/>
        </object-type>
        <object-type name="QViewport"/>
    </namespace-type>
</typesystem>
