<?xml version="1.0" encoding="UTF-8"?>
<!--
/****************************************************************************
**
** Copyright (C) 2016 The Qt Company Ltd.
** Contact: https://www.qt.io/licensing/
**
** This file is part of Qt for Python.
**
** $QT_BEGIN_LICENSE:LGPL$
** Commercial License Usage
** Licensees holding valid commercial Qt licenses may use this file in
** accordance with the commercial license agreement provided with the
** Software or, alternatively, in accordance with the terms contained in
** a written agreement between you and The Qt Company. For licensing terms
** and conditions see https://www.qt.io/terms-conditions. For further
** information use the contact form at https://www.qt.io/contact-us.
**
** GNU Lesser General Public License Usage
** Alternatively, this file may be used under the terms of the GNU Lesser
** General Public License version 3 as published by the Free Software
** Foundation and appearing in the file LICENSE.LGPL3 included in the
** packaging of this file. Please review the following information to
** ensure the GNU Lesser General Public License version 3 requirements
** will be met: https://www.gnu.org/licenses/lgpl-3.0.html.
**
** GNU General Public License Usage
** Alternatively, this file may be used under the terms of the GNU
** General Public License version 2.0 or (at your option) the GNU General
** Public license version 3 or any later version approved by the KDE Free
** Qt Foundation. The licenses are as published by the Free Software
** Foundation and appearing in the file LICENSE.GPL2 and LICENSE.GPL3
** included in the packaging of this file. Please review the following
** information to ensure the GNU General Public License requirements will
** be met: https://www.gnu.org/licenses/gpl-2.0.html and
** https://www.gnu.org/licenses/gpl-3.0.html.
**
** $QT_END_LICENSE$
**
****************************************************************************/
-->
<typesystem package="PySide2.QtPrintSupport">

  <object-type name="QPageSetupDialog">
    <modify-function signature="exec()" rename="exec_" allow-thread="yes"/>
  </object-type>

  <object-type name="QAbstractPrintDialog">
    <enum-type name="PrintDialogOption" flags="PrintDialogOptions"/>
    <enum-type name="PrintRange"/>
  </object-type>

  <object-type name="QPrintDialog">
    <modify-function signature="exec()" rename="exec_" allow-thread="yes"/>
  </object-type>
  <object-type name="QPrintEngine">
    <enum-type name="PrintEnginePropertyKey"/>
  </object-type>
  <value-type name="QPrinterInfo"/>
  <rejection class="QPrinter" function-name="printerSelectionOption"/>
  <rejection class="QPrinter" function-name="setPrinterSelectionOption"/>

  <object-type name="QPrinter" >
    <enum-type name="ColorMode"/>
    <enum-type name="DuplexMode"/>
    <enum-type name="Orientation"/>
    <enum-type name="OutputFormat"/>
    <enum-type name="PageOrder"/>
    <enum-type name="PaperSource"/>
    <enum-type name="PrintRange"/>
    <enum-type name="PrinterMode"/>
    <enum-type name="PrinterState"/>
    <enum-type name="Unit"/>
    <modify-function signature="getPageMargins(qreal*,qreal*,qreal*,qreal*,QPrinter::Unit)const">
        <modify-argument index="0">
            <replace-type modified-type="PyObject"/>
        </modify-argument>
        <modify-argument index="1">
            <remove-argument/>
        </modify-argument>
        <modify-argument index="2">
            <remove-argument/>
        </modify-argument>
        <modify-argument index="3">
            <remove-argument/>
        </modify-argument>
        <modify-argument index="4">
            <remove-argument/>
        </modify-argument>
        <inject-code class="target" position="beginning">
            <insert-template name="fix_number*,number*,number*,number*,args">
                <replace from="$TYPE" to="qreal"/>
            </insert-template>
        </inject-code>
    </modify-function>
    <modify-function signature="setEngines(QPrintEngine*,QPaintEngine*)">
      <modify-argument index="1">
        <parent index="this" action="add"/>
      </modify-argument>
      <modify-argument index="2">
        <parent index="this" action="add"/>
      </modify-argument>
    </modify-function>
    <extra-includes>
      <include file-name="QPrinterInfo" location="global"/>
    </extra-includes>
    <!-- fixme: Check if this is still required in Qt 6:
        bool QPagedPaintDevice::setPageSize(QPageSize)
        void QPagedPaintDevice::setPageSize(QPagedPaintDevice::PageSize) -->
    <add-function signature="setPageSize(const QPageSize&amp;)" return-type="bool">
        <inject-code file="../glue/qtprintsupport.cpp" snippet="setpagesize" />
    </add-function>
  </object-type>

  <object-type name="QPrintPreviewDialog"/>
  <object-type name="QPrintPreviewWidget">
    <enum-type name="ViewMode"/>
    <enum-type name="ZoomMode"/>
    <modify-function signature="print()" rename="print_"/>
  </object-type>

</typesystem>

